{"Cal_Il_1100": [5094721.0, 3458145.0, 23433491.0, 38478420.0, 30076728.0, 10348523.5, 573553.0, 4740935.0, 12463726.0, 19925657.0, 31965422.0, 47011812.0, 53058844.0, 44551041.0, 29617342.0, 17887161.0, 8490715.0, 1144152.0, 4024710.0, 21775912.0, 39547567.0, 36452081.0, 14654523.0, 750238.0, 11691500.5, 32124744.0, 35967088.0, 19632374.0, 3331690.0, 1486473.0, 8593525.0, 15724053.0, 24675811.0, 39028538.0, 51052000.0, 49562026.0, 36724290.0, 23114864.0, 12962206.0, 4170172.0, 684459.0, 11551954.0, 32353849.0, 41622947.0, 26655675.0, 5035483.0], "Cal_Ir_1100": [50010829.0, 51722958.0, 31599546.0, 16619343.0, 24585435.0, 44431959.0, 54375318.0, 50056846.0, 41946819.5, 34361130.0, 22147732.0, 7140814.0, 1135397.0, 9434927.0, 23956548.0, 35828430.0, 45174123.0, 52694664.0, 49687531.0, 31701430.0, 13879087.0, 16939039.0, 38626426.0, 52811117.0, 41617002.0, 20886625.0, 17167192.0, 33312152.0, 49905967.0, 51910266.0, 44443454.0, 37206049.0, 28267679.0, 14049193.0, 2326685.0, 3632446.0, 16399594.0, 30112645.0, 40397625.0, 49462076.0, 53397800.0, 42263893.0, 21431176.0, 12311019.0, 27003882.0, 48838699.0], "Cal_theta1100": [0.0, 0.06981317007977318, 0.13962634015954636, 0.20943951023931956, 0.2792526803190927, 0.3490658503988659, 0.4188790204786391, 0.4886921905584123, 0.5585053606381855, 0.6283185307179586, 0.6981317007977318, 0.767944870877505, 0.8377580409572782, 0.9075712110370514, 0.9773843811168246, 1.0471975511965976, 1.117010721276371, 1.1868238913561442, 1.2566370614359172, 1.3264502315156905, 1.3962634015954636, 1.4660765716752369, 1.53588974175501, 1.6057029118347832, 1.6755160819145565, 1.7453292519943295, 1.8151424220741028, 1.8849555921538759, 1.9547687622336491, 2.0245819323134224, 2.0943951023931953, 2.1642082724729685, 2.234021442552742, 2.303834612632515, 2.3736477827122884, 2.443460952792061, 2.5132741228718345, 2.5830872929516078, 2.652900463031381, 2.722713633111154, 2.792526803190927, 2.8623399732707004, 2.9321531433504737, 3.001966313430247, 3.07177948351002, 3.141592653589793], "Cal_Il_1200": [6452943.5, 24103918.0, 47466783.0, 41559020.0, 14520917.0, 600321.0, 10044927.0, 21960810.0, 23611467.0, 29884500.0, 54159366.0, 81315247.0, 85386611.0, 63144363.0, 35172241.0, 13691420.0, 1501650.0, 5631756.0, 33233383.0, 68219684.0, 75806487.0, 45082049.0, 11252785.0, 11856853.0, 38086753.0, 49153156.0, 28724386.0, 4373746.0, 3343883.0, 17361623.0, 23965278.0, 25170490.0, 40256455.0, 69801253.0, 87698827.0, 76916473.0, 49294655.5, 23547336.0, 6177151.0, 820282.0, 16949812.0, 52362657.0, 77803052.0, 64369408.0, 25766365.0, 6517274.0], "Cal_Ir_1200": [82342573.0, 63793349.0, 40047316.0, 46008916.0, 73890874.0, 88485286.0, 78646696.0, 66318181.0, 64541791.0, 58311741.0, 33411413.0, 6282542.0, 2527065.0, 24105360.0, 52692235.0, 74944494.0, 87759849.0, 83532902.0, 54928376.0, 19564693.0, 12174327.0, 42874564.0, 77539385.0, 77163765.0, 49846436.0, 38764812.0, 59522982.0, 85161240.0, 86153044.0, 71561524.0, 64836767.5, 63698516.0, 47910339.0, 18269485.0, 649626.0, 11210683.0, 38977300.0, 65365674.0, 83258794.0, 89077418.0, 72165919.5, 35993817.0, 10639860.0, 24147902.0, 63266406.0, 82925617.0], "Cal_theta1200": [0.0, 0.06981317007977318, 0.13962634015954636, 0.20943951023931956, 0.2792526803190927, 0.3490658503988659, 0.4188790204786391, 0.4886921905584123, 0.5585053606381855, 0.6283185307179586, 0.6981317007977318, 0.767944870877505, 0.8377580409572782, 0.9075712110370514, 0.9773843811168246, 1.0471975511965976, 1.117010721276371, 1.1868238913561442, 1.2566370614359172, 1.3264502315156905, 1.3962634015954636, 1.4660765716752369, 1.53588974175501, 1.6057029118347832, 1.6755160819145565, 1.7453292519943295, 1.8151424220741028, 1.8849555921538759, 1.9547687622336491, 2.0245819323134224, 2.0943951023931953, 2.1642082724729685, 2.234021442552742, 2.303834612632515, 2.3736477827122884, 2.443460952792061, 2.5132741228718345, 2.5830872929516078, 2.652900463031381, 2.722713633111154, 2.792526803190927, 2.8623399732707004, 2.9321531433504737, 3.001966313430247, 3.07177948351002, 3.141592653589793], "Cal_Il_1300": [3111281.0, 8422066.0, 41707285.0, 62107435.0, 46618812.0, 15562524.0, 446477.5, 4653000.0, 16260463.0, 32277090.0, 55682507.0, 77704024.0, 78475022.0, 58225878.5, 36171947.0, 23338897.0, 13094441.0, 1843026.0, 4195463.0, 28942917.0, 52649337.0, 45509093.0, 14527525.0, 650408.0, 23431761.0, 54851494.0, 57340305.0, 30840894.0, 5202521.0, 907567.0, 10113484.0, 23282658.0, 42773228.0, 67932524.5, 80793879.0, 69649579.0, 44981813.0, 28578585.0, 18748764.0, 7044266.0, 189132.0, 14454408.0, 42786614.0, 53217771.0, 30541448.0, 3096166.0], "Cal_Ir_1300": [80606920.0, 74888060.0, 40157194.0, 19694779.0, 35477885.0, 65745431.0, 82147950.0, 77457911.0, 66403844.0, 50223434.0, 25769920.0, 4103646.0, 3196052.0, 23496647.0, 45867810.0, 57695980.0, 68464534.0, 81185890.0, 78754729.0, 53592564.0, 29126401.0, 36621261.0, 68039674.0, 82403066.0, 57552170.0, 25312711.0, 23056209.0, 51163674.0, 77518394.0, 81957696.0, 72314548.0, 58559677.0, 38117223.0, 13215591.0, 411928.0, 11572563.0, 34665887.0, 52497224.0, 63412288.0, 75754911.0, 82577155.0, 68034284.0, 38428454.0, 27823786.0, 51218212.0, 79130743.0], "Cal_theta1300": [0.0, 0.06981317007977318, 0.13962634015954636, 0.20943951023931956, 0.2792526803190927, 0.3490658503988659, 0.4188790204786391, 0.4886921905584123, 0.5585053606381855, 0.6283185307179586, 0.6981317007977318, 0.767944870877505, 0.8377580409572782, 0.9075712110370514, 0.9773843811168246, 1.0471975511965976, 1.117010721276371, 1.1868238913561442, 1.2566370614359172, 1.3264502315156905, 1.3962634015954636, 1.4660765716752369, 1.53588974175501, 1.6057029118347832, 1.6755160819145565, 1.7453292519943295, 1.8151424220741028, 1.8849555921538759, 1.9547687622336491, 2.0245819323134224, 2.0943951023931953, 2.1642082724729685, 2.234021442552742, 2.303834612632515, 2.3736477827122884, 2.443460952792061, 2.5132741228718345, 2.5830872929516078, 2.652900463031381, 2.722713633111154, 2.792526803190927, 2.8623399732707004, 2.9321531433504737, 3.001966313430247, 3.07177948351002, 3.141592653589793], "Cal_Il_1400": [7652498.0, 8512608.0, 24764951.0, 29197796.0, 17077313.0, 2748463.0, 2032598.0, 8507033.0, 10568148.0, 12601641.0, 25684711.0, 46714274.0, 57995391.0, 50270884.0, 31539092.0, 15574698.0, 4554435.0, 485684.0, 10409398.0, 32852654.0, 47054803.0, 39093595.0, 15935381.0, 4701857.0, 15413191.0, 28912365.0, 25988530.0, 9078407.0, 632968.0, 5577747.0, 10756204.0, 11096094.0, 17285274.0, 36069176.0, 55382730.0, 56912739.0, 41269855.0, 23151466.0, 9426882.0, 1234089.0, 3323306.0, 20152349.0, 41890561.0, 46201518.0, 28694584.0, 7825258.0], "Cal_Ir_1400": [50727342.0, 50286178.0, 33466059.0, 25924041.0, 39231764.0, 53544544.0, 56443597.0, 47932996.0, 45551547.0, 45972764.0, 33033147.0, 11341729.0, 182468.0, 8241211.0, 26233491.0, 42629561.0, 54472675.0, 58996561.0, 48165081.0, 24707677.0, 8299823.0, 16666896.0, 40278363.0, 51018885.0, 39875490.0, 26461574.0, 32299912.0, 49292420.0, 58609763.0, 53687977.0, 47699600.0, 47561755.0, 41082908.0, 21944975.0, 3499906.0, 2052177.0, 16968696.0, 35353681.0, 49307980.0, 57442670.0, 55190365.0, 35581622.0, 13843592.0, 9222845.0, 29006098.0, 51408824.0],