{"Il_1100": [1481521.0, 13279658.5, 32408951.5, 21799188.5, 3877846.5, 20378017.0, 47902901.5, 50948943.5, 39251787.0, 36804889.75, 30661655.0, 11164684.0, 291277.0, 10283773.25, 25172934.5, 39215262.5, 54080994.5, 50108635.0, 21601066.5, 3730190.5, 14172057.5, 20584386.0, 6679253.0, 4147977.5, 22833688.75, 25737231.0, 6118201.25, 5758183.5, 34603542.5, 54406102.5, 50120374.0, 42860509.5, 34317501.0, 14510986.0, 419601.5, 8409491.0, 20757278.0, 25422050.5, 37349716.5, 50835318.5, 36943836.5, 7376931.0, 4615298.5, 20751621.5, 16248754.5, 1511019.0], "Ir_1100": [55171317.0, 43520719.0, 23466560.5, 34708741.5, 52603101.5, 37369878.0, 7686467.5, 5882224.0, 18387824.5, 20047688.0, 24900929.0, 44922096.5, 56567298.0, 46961390.5, 32062393.0, 18390397.0, 4031743.0, 7637299.75, 35301320.0, 53135345.5, 42094069.5, 35309703.0, 49334639.75, 51822930.5, 32892790.0, 29875176.0, 49720206.5, 50114207.5, 21005532.25, 1476723.0, 5754188.5, 13183138.0, 21480985.0, 41506359.0, 55955618.75, 47711954.25, 35239055.5, 30861316.5, 18629463.0, 5239826.0, 19208394.5, 48903103.5, 51731565.0, 35281224.5, 39886066.5, 54808118.5], "theta1100": [0.0, 0.06981317007977318, 0.13962634015954636, 0.20943951023931956, 0.2792526803190927, 0.3490658503988659, 0.4188790204786391, 0.4886921905584123, 0.5585053606381855, 0.6283185307179586, 0.6981317007977318, 0.767944870877505, 0.8377580409572782, 0.9075712110370514, 0.9773843811168246, 1.0471975511965976, 1.117010721276371, 1.1868238913561442, 1.2566370614359172, 1.3264502315156905, 1.3962634015954636, 1.4660765716752369, 1.53588974175501, 1.6057029118347832, 1.6755160819145565, 1.7453292519943295, 1.8151424220741028, 1.8849555921538759, 1.9547687622336491, 2.0245819323134224, 2.0943951023931953, 2.1642082724729685, 2.234021442552742, 2.303834612632515, 2.3736477827122884, 2.443460952792061, 2.5132741228718345, 2.5830872929516078, 2.652900463031381, 2.722713633111154, 2.792526803190927, 2.8623399732707004, 2.9321531433504737, 3.001966313430247, 3.07177948351002, 3.141592653589793], "Il_1200": [2441287.5, 36036632.0, 53750150.0, 21905606.5, 5808905.5, 45264833.0, 76678723.0, 63767930.0, 46095417.0, 49903629.5, 38218424.75, 8432566.5, 4531787.5, 34188751.75, 62827382.5, 81775509.5, 92033643.5, 69168176.0, 22701760.0, 4430924.0, 19242562.5, 17540959.5, 740863.5, 17151556.5, 49466649.5, 37945304.0, 4477412.75, 18869400.0, 66495810.5, 80107561.5, 59677215.75, 48455602.0, 39879018.5, 14012724.5, 440895.0, 20108848.5, 45475308.25, 61942912.0, 81241793.0, 83267635.75, 43433622.5, 10775981.0, 27223064.0, 10878070.5, 2409531.5], "Ir_1200": [88762622.0, 56086564.0, 36977073.0, 68565732.5, 86180300.0, 46366170.25, 11986265.75, 27210540.5, 45923915.0, 40871290.0, 50661300.5, 82401241.0, 86883358.0, 57136011.5, 28554917.0, 10131568.0, 476973.0, 22567698.5, 69440083.5, 88089222.0, 72188423.0, 73305333.75, 90550919.5, 73268338.0, 39829350.25, 51458532.0, 85654756.5, 70701684.25, 22168465.0, 8729422.5, 29121537.5, 40301128.0, 49365691.5, 76170868.5, 90321842.0, 69733397.25, 43942587.0, 27409566.5, 8125474.0, 6196005.0, 45974092.5, 79863269.5, 63000743.0, 79774540.0, 88722425.5], "theta1200": [0.0, 0.06981317007977318, 0.13962634015954636, 0.20943951023931956, 0.2792526803190927, 0.3490658503988659, 0.4188790204786391, 0.4886921905584123, 0.5585053606381855, 0.6283185307179586, 0.6981317007977318, 0.767944870877505, 0.8377580409572782, 0.9075712110370514, 0.9773843811168246, 1.0471975511965976, 1.117010721276371, 1.1868238913561442, 1.2566370614359172, 1.3264502315156905, 1.3962634015954636, 1.4660765716752369, 1.53588974175501, 1.6057029118347832, 1.6755160819145565, 1.7453292519943295, 1.8151424220741028, 1.8849555921538759, 1.9547687622336491, 2.0245819323134224, 2.0943951023931953, 2.1642082724729685, 2.234021442552742, 2.303834612632515, 2.3736477827122884, 2.443460952792061, 2.5132741228718345, 2.5830872929516078, 2.652900463031381, 2.722713633111154, 2.792526803190927, 2.9321531433504737, 3.001966313430247, 3.07177948351002, 3.141592653589793], "Il_1300": [1625407.5, 8496974.0, 22868070.0, 13362288.0, 394783.5, 18509398.0, 46249292.5, 52187304.5, 42954211.5, 34124487.0, 20933978.5, 4314470.0, 1506252.0, 14211706.5, 24906704.5, 36582057.0, 51249411.5, 45403489.5, 17343130.5, 326576.0, 14142266.5, 22945436.0, 8345525.0, 1403097.0, 15924363.0, 18908725.5, 3531750.0, 5071057.5, 32868489.5, 53783342.5, 50166385.5, 40243962.75, 27430103.0, 9609778.0, 103818.0, 9664233.0, 21192992.5, 26619103.0, 39623876.0, 50163932.5, 32762739.5, 4843517.5, 22853333.0, 18073434.0, 1657804.5], "Ir_1300": [55477332.0, 49754353.5, 33291384.5, 43448826.0, 57926095.0, 38884764.5, 8554027.0, 3489604.5, 14799229.0, 22809545.5, 34066736.5, 52978673.0, 56636429.0, 43689215.0, 31985976.0, 21725918.5, 6789086.5, 10490357.5, 40475073.0, 58047042.0, 42864148.5, 32549890.0, 47283969.5, 54469540.0, 40657771.0, 36287904.0, 53680135.0, 51666857.0, 22046483.5, 2069804.5, 5722942.0, 16178700.0, 27672404.0, 47379143.0, 57468695.5, 46644359.0, 35210752.5, 29814919.25, 16964207.0, 6248285.5, 23753650.5, 52050947.0, 34024178.5, 38228791.0, 55911035.5], "theta1300": [0.0, 0.06981317007977318, 0.13962634015954636, 0.20943951023931956, 0.2792526803190927, 0.3490658503988659, 0.4188790204786391, 0.4886921905584123, 0.5585053606381855, 0.6283185307179586, 0.6981317007977318, 0.767944870877505, 0.8377580409572782, 0.9075712110370514, 0.9773843811168246, 1.0471975511965976, 1.117010721276371, 1.1868238913561442, 1.2566370614359172, 1.3264502315156905, 1.3962634015954636, 1.4660765716752369, 1.53588974175501, 1.6057029118347832, 1.6755160819145565, 1.7453292519943295, 1.8151424220741028, 1.8849555921538759, 1.9547687622336491, 2.0245819323134224, 2.0943951023931953, 2.1642082724729685, 2.234021442552742, 2.303834612632515, 2.3736477827122884, 2.443460952792061, 2.5132741228718345, 2.5830872929516078, 2.652900463031381, 2.722713633111154, 2.792526803190927, 2.9321531433504737, 3.001966313430247, 3.07177948351002, 3.141592653589793], "Il_1400": [3461625.0, 25286821.5, 41434198.5, 23390489.0, 9743918.0, 29709616.5, 54273454.5, 52380708.0, 43967237.0, 43927204.5, 34901630.5, 11655417.0, 889290.0, 11296571.0, 28018376.5, 44458496.0, 58216670.25, 48893232.0, 23968593.5, 9270346.0, 13967679.0, 12573908.5, 2083953.0, 13002347.0, 37229513.5, 34021938.0, 11643507.0, 15801477.0, 44512838.5, 56964213.0, 45542629.0, 42744921.0, 39928736.0, 20375495.5, 2411064.0, 4242135.0, 33317117.0, 47516908.0, 56225718.0, 36134414.75, 9784598.0, 14843405.5, 6466101.0, 3259172.5], "Ir_1400": [56238218.0, 33192506.5, 19124392.0, 36056040.5, 48565969.0, 28277348.0, 5019561.5, 7704011.5, 17414300.0, 16160834.5, 24090120.0, 45483900.5, 57679381.5, 49236397.5, 32299946.0, 15606690.5, 2568312.0, 9599048.0, 37063028.5, 51673561.0, 43889781.5, 48312697.5, 58384549.5, 47105406.0, 23058155.25, 25815716.0, 47668427.5, 44066393.0, 14853068.0, 2548598.0, 10891290.0, 15686641.5, 18901572.0, 35981938.0, 57032579.0, 55464735.5, 25960852.5, 8960110.5, 3309403.5, 22525310.0, 50051410.0, 41633475.5, 52883181.0, 53538433.5], "theta1400": [0.0, 0.06981317007977318, 0.13962634015954636, 0.20943951023931956, 0.2792526803190927, 0.3490658503988659, 0.4188790204786391, 0.4886921905584123, 0.5585053606381855, 0.6283185307179586, 0.6981317007977318, 0.767944870877505, 0.8377580409572782, 0.9075712110370514, 0.9773843811168246, 1.0471975511965976, 1.117010721276371, 1.1868238913561442, 1.2566370614359172, 1.3264502315156905, 1.3962634015954636, 1.4660765716752369, 1.53588974175501, 1.6057029118347832, 1.6755160819145565, 1.7453292519943295, 1.8151424220741028, 1.8849555921538759, 1.9547687622336491, 2.0245819323134224, 2.0943951023931953, 2.1642082724729685, 2.234021442552742, 2.303834612632515, 2.3736477827122884, 2.443460952792061, 2.5830872929516078, 2.652900463031381, 2.722713633111154, 2.792526803190927, 2.9321531433504737, 3.001966313430247, 3.07177948351002, 3.141592653589793],