{"Il_1100": [1564088.0, 13611834.0, 34027818.0, 22730513.0, 4049961.0, 20102186.0, 49034703.0, 50961727.0, 38534990.0, 36691665.0, 31452535.0, 11565357.0, 261933.0, 10211615.0, 25561369.0, 40089539.0, 55031201.0, 51457982.0, 22349934.0, 3972211.0, 14742448.0, 21086963.0, 6728751.0, 4328397.0, 23360857.5, 26156864.0, 6185504.0, 6038564.0, 35986304.0, 56529397.0, 52021012.0, 44428555.0, 35804671.0, 15021899.0, 393888.0, 9008274.0, 22043961.0, 26618096.0, 39183427.0, 53751327.0, 39221391.0, 7846453.0, 4738270.0, 21798801.0, 17008110.0, 1570933.0], "Ir_1100": [57193531.0, 45106947.0, 24795773.0, 36228414.0, 54776668.0, 37070241.0, 7900267.0, 5874435.0, 18229505.0, 20336507.0, 25725118.0, 46037406.0, 57930521.0, 47817543.0, 32568909.0, 18328985.0, 3841645.0, 7917756.0, 36922344.0, 55277463.0, 43401764.0, 36515345.0, 50716700.0, 53019815.0, 33404309.0, 30612972.0, 51201067.0, 51511959.0, 21388556.0, 1376260.0, 5828516.0, 13333728.0, 22094632.0, 43124084.0, 58376770.0, 49501191.0, 36534287.0, 32234570.0, 19805893.0, 5591288.0, 20240210.0, 51815886.5, 54815191.0, 37025505.0, 41309872.0, 56765329.0], "theta1100": [0.0, 0.06981317007977318, 0.13962634015954636, 0.20943951023931956, 0.2792526803190927, 0.3490658503988659, 0.4188790204786391, 0.4886921905584123, 0.5585053606381855, 0.6283185307179586, 0.6981317007977318, 0.767944870877505, 0.8377580409572782, 0.9075712110370514, 0.9773843811168246, 1.0471975511965976, 1.117010721276371, 1.1868238913561442, 1.2566370614359172, 1.3264502315156905, 1.3962634015954636, 1.4660765716752369, 1.53588974175501, 1.6057029118347832, 1.6755160819145565, 1.7453292519943295, 1.8151424220741028, 1.8849555921538759, 1.9547687622336491, 2.0245819323134224, 2.0943951023931953, 2.1642082724729685, 2.234021442552742, 2.303834612632515, 2.3736477827122884, 2.443460952792061, 2.5132741228718345, 2.5830872929516078, 2.652900463031381, 2.722713633111154, 2.792526803190927, 2.8623399732707004, 2.9321531433504737, 3.001966313430247, 3.07177948351002, 3.141592653589793], "Il_1200": [2156028.0, 31431575.5, 47524949.0, 19597847.0, 5202267.0, 39543822.0, 68808690.0, 55664440.0, 39874025.0, 43975688.0, 34748594.0, 7659544.0, 3973294.0, 30027289.0, 55095174.0, 71162197.0, 79899469.0, 60339322.0, 19961590.0, 3991964.0, 16926362.0, 15482581.0, 624891.5, 15364952.0, 44473837.0, 34023543.0, 4026613.0, 16944773.0, 59724810.0, 72201353.0, 53871130.0, 43739146.0, 35599931.0, 12429825.0, 392129.0, 18034414.0, 40567320.0, 55013543.0, 72781695.5, 74574143.0, 38892633.0, 3522338.0, 9660283.0, 24356278.0, 9751833.0, 2140254.0], "Ir_1200": [79138596.0, 48717440.5, 32484682.0, 60805732.0, 75833993.0, 40432138.0, 10853539.0, 24094624.0, 40057065.0, 35738345.0, 45296245.0, 72875423.0, 76945417.0, 50156896.5, 24810297.0, 8660767.0, 379766.0, 19653874.0, 60503218.0, 77389958.0, 63882987.0, 65410207.0, 80775013.5, 65387457.0, 35776856.5, 46136145.0, 77474005.0, 63774573.0, 19926875.0, 7746522.0, 26025392.0, 36258556.0, 44355429.0, 68365726.0, 80898770.0, 62462665.0, 39466856.0, 24652985.0, 7422404.0, 5556458.0, 41209824.0, 77762251.0, 71494980.0, 56128552.0, 71259209.0, 79248693.0], "theta1200": [0.0, 0.06981317007977318, 0.13962634015954636, 0.20943951023931956, 0.2792526803190927, 0.3490658503988659, 0.4188790204786391, 0.4886921905584123, 0.5585053606381855, 0.6283185307179586, 0.6981317007977318, 0.767944870877505, 0.8377580409572782, 0.9075712110370514, 0.9773843811168246, 1.0471975511965976, 1.117010721276371, 1.1868238913561442, 1.2566370614359172, 1.3264502315156905, 1.3962634015954636, 1.4660765716752369, 1.53588974175501, 1.6057029118347832, 1.6755160819145565, 1.7453292519943295, 1.8151424220741028, 1.8849555921538759, 1.9547687622336491, 2.0245819323134224, 2.0943951023931953, 2.1642082724729685, 2.234021442552742, 2.303834612632515, 2.3736477827122884, 2.443460952792061, 2.5132741228718345, 2.5830872929516078, 2.652900463031381, 2.722713633111154, 2.792526803190927, 2.8623399732707004, 2.9321531433504737, 3.001966313430247, 3.07177948351002, 3.141592653589793], "Il_1300": [1823137.0, 9290461.0, 25864428.0, 15074818.0, 457998.0, 20558839.0, 53237164.0, 58674647.0, 46368157.0, 37599092.0, 23994697.0, 4943405.0, 1592079.0, 15408959.0, 27444800.0, 39255304.0, 55333265.0, 51255697.0, 18839740.0, 375943.0, 15724281.0, 25911212.0, 9560528.0, 1604677.0, 17752303.0, 21461759.0, 3866159.0, 5607294.0, 37435095.0, 61026466.0, 56448348.5, 44813842.0, 31085867.0, 10529275.0, 115563.0, 10903533.0, 24637661.0, 29387979.0, 42791058.0, 54666292.0, 35498410.0, 4730625.0, 5284526.0, 24917336.0, 19882039.0, 1803260.0], "Ir_1300": [62122621.0, 54040571.0, 37307090.0, 48530729.0, 63628916.0, 43194600.0, 9820282.0, 3980921.0, 16169802.0, 25191630.0, 38672136.0, 59192759.0, 62342531.0, 47856402.0, 35240579.0, 23134850.0, 7194934.0, 11780242.0, 43885413.0, 63662935.0, 47546720.0, 36683837.0, 53994876.0, 62159217.0, 45454572.0, 41250095.0, 58886069.0, 57424480.0, 25136815.0, 2318965.0, 6286640.0, 17806355.0, 31349742.0, 52348257.0, 63012999.0, 52115887.0, 40768970.0, 33235848.0, 18576951.0, 6842227.0, 25679061.0, 57567867.0, 56584112.0, 36849261.0, 41815479.0, 60843054.0], "theta1300": [0.0, 0.06981317007977318, 0.13962634015954636, 0.20943951023931956, 0.2792526803190927, 0.3490658503988659, 0.4188790204786391, 0.4886921905584123, 0.5585053606381855, 0.6283185307179586, 0.6981317007977318, 0.767944870877505, 0.8377580409572782, 0.9075712110370514, 0.9773843811168246, 1.0471975511965976, 1.117010721276371, 1.1868238913561442, 1.2566370614359172, 1.3264502315156905, 1.3962634015954636, 1.4660765716752369, 1.53588974175501, 1.6057029118347832, 1.6755160819145565, 1.7453292519943295, 1.8151424220741028, 1.8849555921538759, 1.9547687622336491, 2.0245819323134224, 2.0943951023931953, 2.1642082724729685, 2.234021442552742, 2.303834612632515, 2.3736477827122884, 2.443460952792061, 2.5132741228718345, 2.5830872929516078, 2.652900463031381, 2.722713633111154, 2.792526803190927, 2.8623399732707004, 2.9321531433504737, 3.001966313430247, 3.07177948351002, 3.141592653589793], "Il_1400": [3759930.0, 27971275.0, 45836624.0, 26723699.0, 11357998.0, 34359907.0, 62090125.0, 58063390.0, 48022993.0, 49194971.0, 39924443.0, 13912515.0, 1031798.0, 12026385.0, 30360144.0, 48128843.0, 62280680.0, 53671754.0, 26647953.0, 10347821.0, 15726257.0, 13496479.0, 2244499.0, 14038712.0, 39752781.0, 36707492.0, 12585925.0, 17101060.0, 50756687.0, 64951737.0, 54437173.0, 49616672.0, 45127837.0, 24220448.0, 2674725.0, 4813774.0, 21019596.0, 37553286.0, 56493504.0, 63301655.0, 41432698.0, 13112645.0, 10994128.0, 17622469.0, 7460199.0, 3820427.0], "Ir_1400": [61535911.0, 36629000.0, 20988692.0, 40925769.0, 56291570.0, 32568499.0, 5721294.0, 8710331.0, 19272335.0, 18102463.0, 27264831.0, 53716493.0, 67086879.0, 52151361.0, 34643238.0, 16678476.0, 2645867.0, 10499223.0, 41073494.0, 56660864.0, 49111869.0, 51791097.0, 62970340.0, 50623490.0, 24569904.0, 27972744.0, 52065942.0, 47890483.0, 16921936.0, 2828774.0, 12906001.0, 18144616.0, 21509496.0, 43337577.0, 65927739.0, 62595944.0, 46619669.0, 29516657.0, 10798076.0, 3739740.0, 25892530.0, 54792475.0, 56550951.0, 49346368.0, 60856342.0, 63705615.0],